{"cameraMode":{"drawMode":0,"name":"Shaded","section":"Shading Mode"},"sceneLighting":false,"audioPlay":false,"sceneViewState":{"m_AlwaysRefresh":false,"showFog":false,"showSkybox":false,"showFlares":false,"showImageEffects":false,"showParticleSystems":false,"showVisualEffectGraphs":true,"m_FxEnabled":true},"in2DMode":false,"pivot":{"x":0.12151002883911133,"y":0.13779258728027345,"z":-0.004212856292724609},"rotation":{"x":0.11775355786085129,"y":0.8750787377357483,"z":-0.2666797935962677,"w":0.38638535141944888},"size":3.3119280338287355,"orthographic":false}