{"cameraMode":{"drawMode":0,"name":"Shaded","section":"Shading Mode"},"sceneLighting":true,"audioPlay":false,"sceneViewState":{"m_AlwaysRefresh":false,"showFog":true,"showSkybox":true,"showFlares":true,"showImageEffects":true,"showParticleSystems":true,"showVisualEffectGraphs":true,"m_FxEnabled":true},"in2DMode":false,"pivot":{"x":-5.311337947845459,"y":1.4134800434112549,"z":1.2454687356948853},"rotation":{"x":0.11775355786085129,"y":0.8750787377357483,"z":-0.2666797935962677,"w":0.38638535141944888},"size":10.612336158752442,"orthographic":false}