{"cameraMode":{"drawMode":0,"name":"Shaded","section":"Shading Mode"},"sceneLighting":true,"audioPlay":false,"sceneViewState":{"m_AlwaysRefresh":false,"showFog":true,"showSkybox":true,"showFlares":true,"showImageEffects":true,"showParticleSystems":true,"showVisualEffectGraphs":true,"m_FxEnabled":true},"in2DMode":false,"pivot":{"x":-2.0114922523498537,"y":0.8643543720245361,"z":5.4164838790893559},"rotation":{"x":0.11775355786085129,"y":0.8750787377357483,"z":-0.2666797935962677,"w":0.38638535141944888},"size":17.55461311340332,"orthographic":false}